# Layer 2 (Die attach) 열화 예제, 열화배율 2.5
# P=10 W, T0=25 degC, step heating, noise sigma=0.002 degC
# Rth_total=0.85769 K/W
time_s,temperature_C,delta_temperature_C,Zth_K_per_W
1.000000e-7,24.998577,-0.0014229289,-1.422929e-4
1.063545e-7,25.002411,0.0024113845,2.411385e-4
1.131128e-7,24.998766,-0.0012343786,-1.234379e-4
1.203005e-7,25.000934,9.335750e-4,9.335750e-5
1.279450e-7,24.998414,-0.0015858852,-1.585885e-4
1.360753e-7,24.999151,-8.489488e-4,-8.489488e-5
1.447222e-7,24.999922,-7.778357e-5,-7.778357e-6
1.539186e-7,25.002383,0.0023831862,2.383186e-4
1.636993e-7,25.004971,0.0049705648,4.970565e-4
1.741016e-7,25.000868,8.684554e-4,8.684554e-5
1.851648e-7,25.00313,0.0031297541,3.129754e-4
1.969311e-7,24.998906,-0.0010942999,-1.094300e-4
2.094451e-7,25.001047,0.0010473905,1.047391e-4
2.227543e-7,24.999741,-2.588451e-4,-2.588451e-5
2.369092e-7,25.000609,6.088729e-4,6.088729e-5
2.519636e-7,25.004149,0.004148757,4.148757e-4
2.679746e-7,25.003547,0.0035472578,3.547258e-4
2.850030e-7,25.002924,0.0029243219,2.924322e-4
3.031136e-7,25.00382,0.0038204594,3.820459e-4
3.223749e-7,25.003706,0.003705703,3.705703e-4
3.428602e-7,24.998075,-0.0019245653,-1.924565e-4
3.646472e-7,24.996343,-0.0036574474,-3.657447e-4
3.878187e-7,25.000175,1.747635e-4,1.747635e-5
4.124626e-7,25.002415,0.002415242,2.415242e-4
4.386726e-7,25.005229,0.0052291487,5.229149e-4
4.665480e-7,25.000018,1.768019e-5,1.768019e-6
4.961948e-7,25.000963,9.634275e-4,9.634275e-5
5.277254e-7,25.003109,0.0031091356,3.109136e-4
5.612597e-7,25.000841,8.412783e-4,8.412783e-5
5.969250e-7,24.997776,-0.0022238847,-2.223885e-4
6.348565e-7,25.000515,5.147755e-4,5.147755e-5
6.751985e-7,25.003745,0.0037451612,3.745161e-4
7.181039e-7,25.001924,0.0019237843,1.923784e-4
7.637358e-7,25.002666,0.0026661252,2.666125e-4
8.122674e-7,25.000442,4.416951e-4,4.416951e-5
8.638828e-7,25.001362,0.0013622481,1.362248e-4
9.187782e-7,25.001347,0.0013470812,1.347081e-4
9.771620e-7,25.00111,0.0011098506,1.109851e-4
1.039256e-6,25.006593,0.0065931658,6.593166e-4
1.105295e-6,25.004525,0.0045252318,4.525232e-4
1.175531e-6,25.002316,0.0023164255,2.316425e-4
1.250230e-6,25.004877,0.0048766954,4.876695e-4
1.329676e-6,25.003935,0.0039348224,3.934822e-4
1.414170e-6,25.004083,0.004083438,4.083438e-4
1.504034e-6,25.006663,0.0066634342,6.663434e-4
1.599607e-6,25.00552,0.0055202756,5.520276e-4
1.701254e-6,25.005574,0.005573878,5.573878e-4
1.809360e-6,25.005152,0.0051524117,5.152412e-4
1.924336e-6,25.004875,0.004875117,4.875117e-4
2.046618e-6,25.008268,0.0082681935,8.268193e-4
2.176670e-6,25.00824,0.0082395587,8.239559e-4
2.314987e-6,25.004364,0.0043638659,4.363866e-4
2.462092e-6,25.003649,0.0036490083,3.649008e-4
2.618546e-6,25.009485,0.0094848281,9.484828e-4
2.784941e-6,25.008309,0.0083092279,8.309228e-4
2.961910e-6,25.006717,0.0067172944,6.717294e-4
3.150125e-6,25.009383,0.0093825993,9.382599e-4
3.350299e-6,25.007428,0.0074275692,7.427569e-4
3.563194e-6,25.007875,0.0078745835,7.874584e-4
3.789617e-6,25.005702,0.0057016317,5.701632e-4
4.030428e-6,25.003839,0.0038385173,3.838517e-4
4.286541e-6,25.007694,0.0076937185,7.693718e-4
4.558929e-6,25.011178,0.011177767,0.0011177767
4.848626e-6,25.008185,0.008184827,8.184827e-4
5.156732e-6,25.007318,0.007318104,7.318104e-4
5.484417e-6,25.011714,0.011714379,0.0011714379
5.832924e-6,25.015793,0.015793276,0.0015793276
6.203576e-6,25.015522,0.015521587,0.0015521587
6.597782e-6,25.013009,0.013008922,0.0013008922
7.017038e-6,25.013442,0.013441624,0.0013441624
7.462936e-6,25.012495,0.012495129,0.0012495129
7.937168e-6,25.011102,0.011101801,0.0011101801
8.441535e-6,25.014764,0.0147637,0.00147637
8.977952e-6,25.016277,0.016277302,0.0016277302
9.548455e-6,25.018819,0.018818569,0.0018818569
1.015521e-5,25.017043,0.017043136,0.0017043136
1.080052e-5,25.020046,0.020046345,0.0020046345
1.148684e-5,25.018338,0.018338296,0.0018338296
1.221677e-5,25.023908,0.023907668,0.0023907668
1.299309e-5,25.021174,0.021174107,0.0021174107
1.381873e-5,25.020699,0.020698955,0.0020698955
1.469684e-5,25.022823,0.022823141,0.0022823141
1.563075e-5,25.024865,0.024864694,0.0024864694
1.662401e-5,25.026036,0.026036443,0.0026036443
1.768038e-5,25.026506,0.026506305,0.0026506305
1.880388e-5,25.022779,0.0227795,0.00227795
1.999877e-5,25.026394,0.026393829,0.0026393829
2.126959e-5,25.028185,0.028185437,0.0028185437
2.262117e-5,25.02811,0.028109785,0.0028109785
2.405863e-5,25.029483,0.029482639,0.0029482639
2.558744e-5,25.032221,0.032220653,0.0032220653
2.721339e-5,25.035545,0.03554534,0.003554534
2.894266e-5,25.02967,0.029670222,0.0029670222
3.078182e-5,25.038488,0.038488359,0.0038488359
3.273785e-5,25.038631,0.038630554,0.0038630554
3.481818e-5,25.041229,0.041228715,0.0041228715
3.703070e-5,25.040007,0.040007028,0.0040007028
3.938381e-5,25.040161,0.040160925,0.0040160925
4.188645e-5,25.042412,0.042412242,0.0042412242
4.454813e-5,25.043535,0.043534899,0.0043534899
4.737893e-5,25.044527,0.044527185,0.0044527185
5.038963e-5,25.047644,0.04764374,0.004764374
5.359163e-5,25.048478,0.048477556,0.0048477556
5.699711e-5,25.052573,0.052573053,0.0052573053
6.061899e-5,25.048409,0.048408592,0.0048408592
6.447102e-5,25.053991,0.053991259,0.0053991259
6.856783e-5,25.056771,0.056771093,0.0056771093
7.292497e-5,25.058819,0.058819195,0.0058819195
7.755898e-5,25.059694,0.059693911,0.0059693911
8.248747e-5,25.062366,0.062365516,0.0062365516
8.772913e-5,25.067666,0.067666301,0.0067666301
9.330387e-5,25.069435,0.069435059,0.0069435059
9.923286e-5,25.065405,0.065404501,0.0065404501
1.055386e-4,25.075443,0.075443315,0.0075443315
1.122451e-4,25.074062,0.074062319,0.0074062319
1.193777e-4,25.078463,0.078462527,0.0078462527
1.269635e-4,25.082255,0.082255142,0.0082255142
1.350314e-4,25.082183,0.082183103,0.0082183103
1.436120e-4,25.083667,0.083666909,0.0083666909
1.527378e-4,25.089015,0.089015388,0.0089015388
1.624435e-4,25.092786,0.092785863,0.0092785863
1.727660e-4,25.097722,0.097721918,0.0097721918
1.837444e-4,25.097852,0.097852385,0.0097852385
1.954204e-4,25.101757,0.10175723,0.010175723
2.078384e-4,25.107827,0.10782721,0.010782721
2.210455e-4,25.109092,0.10909248,0.010909248
2.350918e-4,25.115431,0.11543081,0.011543081
2.500307e-4,25.118632,0.11863235,0.011863235
2.659189e-4,25.126692,0.12669168,0.012669168
2.828167e-4,25.127627,0.1276274,0.01276274
3.007883e-4,25.136944,0.13694434,0.013694434
3.199018e-4,25.135603,0.13560325,0.013560325
3.402300e-4,25.143773,0.14377274,0.014377274
3.618499e-4,25.153181,0.15318094,0.015318094
3.848436e-4,25.156986,0.156986,0.0156986
4.092985e-4,25.170406,0.17040612,0.017040612
4.353073e-4,25.174961,0.17496094,0.017496094
4.629689e-4,25.17811,0.17810967,0.017810967
4.923883e-4,25.188422,0.18842246,0.018842246
5.236771e-4,25.196786,0.19678598,0.019678598
5.569541e-4,25.210708,0.2107076,0.02107076
5.923457e-4,25.214061,0.21406119,0.021406119
6.299863e-4,25.227131,0.22713089,0.022713089
6.700188e-4,25.239616,0.23961635,0.023961635
7.125951e-4,25.251912,0.25191246,0.025191246
7.578769e-4,25.259034,0.25903372,0.025903372
8.060361e-4,25.278478,0.27847834,0.027847834
8.572557e-4,25.292352,0.29235187,0.029235187
9.117299e-4,25.3067,0.30669985,0.030669985
9.696658e-4,25.32148,0.32148002,0.032148002
0.0010312832,25.340232,0.34023199,0.034023199
0.001096816,25.358488,0.35848792,0.035848792
0.0011665131,25.375816,0.37581636,0.037581636
0.0012406392,25.399252,0.39925228,0.039925228
0.0013194755,25.415993,0.41599251,0.041599251
0.0014033215,25.437463,0.43746304,0.043746304
0.0014924955,25.45982,0.45982029,0.045982029
0.0015873361,25.486486,0.48648602,0.048648602
0.0016882033,25.510288,0.51028819,0.051028819
0.0017954801,25.543504,0.54350384,0.054350384
0.0019095738,25.569639,0.56963906,0.056963906
0.0020309176,25.600488,0.60048836,0.060048836
0.0021599722,25.630284,0.63028353,0.063028353
0.0022972275,25.66543,0.66542952,0.066542952
0.0024432048,25.700061,0.70006129,0.070006129
0.0025984581,25.741169,0.74116904,0.074116904
0.002763577,25.781365,0.78136509,0.078136509
0.0029391884,25.824091,0.82409069,0.082409069
0.003125959,25.868015,0.86801492,0.086801492
0.0033245979,25.914837,0.91483657,0.091483657
0.0035358594,25.964558,0.96455789,0.096455789
0.0037605454,26.012225,1.0122255,0.10122255
0.0039995091,26.064265,1.0642652,0.10642652
0.0042536577,26.124098,1.1240976,0.11240976
0.0045239562,26.181542,1.181542,0.1181542
0.0048114308,26.24508,1.2450803,0.12450803
0.005117173,26.306268,1.3062679,0.13062679
0.0054423435,26.371428,1.3714283,0.13714283
0.005788177,26.440129,1.4401294,0.14401294
0.0061559865,26.516347,1.5163466,0.15163466
0.0065471684,26.589398,1.5893979,0.15893979
0.0069632079,26.67054,1.6705402,0.16705402
0.0074056847,26.747902,1.7479018,0.17479018
0.0078762786,26.829399,1.8293995,0.18293995
0.0083767764,26.912608,1.9126077,0.19126077
0.0089090783,27.002629,2.002629,0.2002629
0.0094752053,27.093145,2.0931448,0.20931448
0.010077307,27.186748,2.1867484,0.21867484
0.010717669,27.278686,2.2786857,0.22786857
0.011398723,27.378429,2.3784285,0.23784285
0.012123054,27.473296,2.4732963,0.24732963
0.012893413,27.576999,2.5769986,0.25769986
0.013712724,27.680332,2.6803317,0.26803317
0.014584099,27.780271,2.7802706,0.27802706
0.015510845,27.884274,2.8842738,0.28842738
0.016496481,27.991525,2.9915247,0.29915247
0.017544749,28.098567,3.0985667,0.30985667
0.018659629,28.202385,3.2023847,0.32023847
0.019845355,28.310159,3.3101586,0.33101586
0.021106427,28.416476,3.4164761,0.34164761
0.022447634,28.520783,3.520783,0.3520783
0.023874068,28.624057,3.6240567,0.36240567
0.025391144,28.729249,3.7292491,0.37292491
0.027004624,28.826364,3.8263635,0.38263635
0.028720631,28.929827,3.9298273,0.39298273
0.030545682,29.030242,4.0302423,0.40302423
0.032486707,29.122002,4.1220016,0.41220016
0.034551073,29.218846,4.2188458,0.42188458
0.036746619,29.317105,4.3171055,0.43171055
0.039081682,29.406571,4.4065713,0.44065713
0.041565126,29.49718,4.4971796,0.44971796
0.04420638,29.586075,4.5860748,0.45860748
0.047015472,29.680572,4.6805721,0.46805721
0.050003068,29.761035,4.7610351,0.47610351
0.053180511,29.852282,4.852282,0.4852282
0.056559865,29.937616,4.9376164,0.49376164
0.060153959,30.022328,5.0223283,0.50223283
0.06397644,30.109743,5.1097435,0.51097435
0.06804182,30.199908,5.1999079,0.51999079
0.072365534,30.289199,5.289199,0.5289199
0.076963999,30.379872,5.3798725,0.53798725
0.081854673,30.463914,5.4639136,0.54639136
0.087056125,30.561086,5.5610859,0.55610859
0.092588103,30.656644,5.6566444,0.56566444
0.09847161,30.75523,5.75523,0.575523
0.10472898,30.85452,5.8545202,0.58545202
0.11138398,30.953119,5.953119,0.5953119
0.11846187,31.055644,6.0556442,0.60556442
0.12598953,31.161806,6.1618062,0.61618062
0.13399553,31.264709,6.2647093,0.62647093
0.14251027,31.371318,6.3713181,0.63713181
0.15156608,31.483016,6.4830161,0.64830161
0.16119734,31.587781,6.5877815,0.65877815
0.17144061,31.700293,6.7002925,0.67002925
0.1823348,31.808371,6.8083715,0.68083715
0.19392126,31.919753,6.9197529,0.69197529
0.20624398,32.022699,7.0226992,0.70226992
0.21934974,32.132811,7.1328107,0.71328107
0.23328831,32.24084,7.24084,0.724084
0.24811261,32.344769,7.3447691,0.73447691
0.26387891,32.447637,7.447637,0.7447637
0.28064708,32.55093,7.5509296,0.75509296
0.29848079,32.645721,7.6457211,0.76457211
0.31744774,32.738474,7.7384738,0.77384738
0.33761994,32.823902,7.8239021,0.78239021
0.35907399,32.910091,7.9100914,0.79100914
0.38189133,32.986527,7.9865267,0.79865267
0.4061586,33.061582,8.0615816,0.80615816
0.43196793,33.130865,8.1308652,0.81308652
0.45941731,33.190758,8.1907582,0.81907582
0.48861097,33.251089,8.2510885,0.82510885
0.51965973,33.301378,8.3013778,0.83013778
0.55268149,33.346156,8.3461563,0.83461563
0.58780161,33.390385,8.3903846,0.83903846
0.62515344,33.427552,8.4275522,0.84275522
0.66487878,33.452647,8.4526469,0.84526469
0.70712848,33.476553,8.476553,0.8476553
0.75206293,33.502152,8.5021521,0.85021521
0.79985273,33.518613,8.5186128,0.85186128
0.85067934,33.532585,8.5325846,0.85325846
0.90473572,33.547511,8.5475115,0.85475115
0.96222712,33.553076,8.5530757,0.85530757
1.0233718,33.561875,8.5618755,0.85618755
1.0884019,33.565173,8.5651726,0.85651726
1.1575644,33.568866,8.5688661,0.85688661
1.2311217,33.570924,8.5709243,0.85709243
1.3093533,33.573321,8.5733206,0.85733206
1.3925561,33.572426,8.5724264,0.85724264
1.481046,33.57205,8.57205,0.857205
1.5751591,33.574304,8.5743042,0.85743042
1.6752525,33.577322,8.5773222,0.85773222
1.7817063,33.579421,8.5794214,0.85794214
1.8949248,33.573613,8.5736126,0.85736126
2.0153377,33.574101,8.574101,0.8574101
2.1434022,33.579027,8.5790271,0.85790271
2.2796046,33.578614,8.5786142,0.85786142
2.424462,33.579875,8.579875,0.8579875
2.5785244,33.578906,8.5789064,0.85789064
2.7423766,33.576723,8.5767227,0.85767227
2.9166408,33.578473,8.5784729,0.85784729
3.1019786,33.577512,8.5775121,0.85775121
3.2990937,33.577383,8.5773834,0.85773834
3.5087345,33.577512,8.5775116,0.85775116
3.7316968,33.575928,8.5759278,0.85759278
3.9688274,33.57639,8.5763896,0.85763896
4.2210263,33.577651,8.5776514,0.85776514
4.4892513,33.57738,8.5773803,0.85773803
4.7745205,33.578308,8.5783083,0.85783083
5.0779172,33.579677,8.5796774,0.85796774
5.4005933,33.573987,8.573987,0.8573987
5.7437737,33.579311,8.5793114,0.85793114
6.1087616,33.578649,8.5786486,0.85786486
6.4969426,33.575703,8.5757034,0.85757034
6.9097905,33.576954,8.5769538,0.85769538
7.3488729,33.576144,8.5761444,0.85761444
7.8158567,33.573078,8.5730785,0.85730785
8.312515,33.576619,8.5766195,0.85766195
8.8407334,33.579934,8.5799339,0.85799339
9.4025174,33.57901,8.5790103,0.85790103
10,33.578156,8.5781563,0.85781563
